{
  "series": {
    "AnimatedFX": 3.0,
    "Other FECs": 3.0,
    "Five Nights at Freddy's 2 (Movie)": 2.0,
    "Setmakers": 2.0,
    "Celebration Station": 2.0,
    "Jungle Jim's": 1.3333333333333333,
    "Walt Disney Imagineering": 1.0,
    "Creative Presentations": 0.35294117647058826,
    "Hofmann Figuren": 0.3333333333333333,
    "ShowBiz Pizza Place": 0.22490470139771285,
    "VP Animations": 0.2222222222222222,
    "Pizza Time Theatre": 0.21298949379178606,
    "Unknown Manufacturers": 0.19444444444444445,
    "Chuck E. Cheese's": 0.1278916060806345,
    "Creative Engineering": 0.1232,
    "Sally Corporation": 0.10185185185185185,
    "Pasqually's Pizza & Wings": 0.08695652173913043,
    "Five Nights at Freddy's": 0.08333333333333333,
    "uncategorized": 0.019230769230769232,
    "Advanced Animations": 0.0,
    "Villalobos Producciones": 0.0,
    "Jim Henson's Creature Shop": 0.0,
    "Golding Leisure": 0.0,
    "AVG Technologies": 0.0,
    "Magic Robotics Inc.": 0.0,
    "Heimotion": 0.0
  }
}