{
  "series": {
    "Movies": 2.3333333333333335,
    "Simulators": 2.0,
    "Restaurants/FECs": 1.85,
    "Animatronic Parts": 1.4,
    "Remodels and Initiatives": 1.1666666666666667,
    "ShowBiz Pizza Programs": 1.0,
    "Cancelled Locations": 0.875,
    "Other Systems": 0.6,
    "Animatronic Control Systems": 0.5833333333333334,
    "Stage Variations": 0.5555555555555556,
    "History": 0.5217391304347826,
    "Events": 0.5111111111111111,
    "Animatronic Shows": 0.4224137931034483,
    "News Footage": 0.4166666666666667,
    "Family Vision": 0.375,
    "Programming Systems": 0.35714285714285715,
    "Animatronics": 0.3053435114503817,
    "Showtapes": 0.3048780487804878,
    "Arcades and Attractions": 0.256198347107438,
    "Animatronic Preservation": 0.21052631578947367,
    "Retrofits": 0.20270270270270271,
    "Products": 0.1702127659574468,
    "Corporate Documents": 0.15384615384615385,
    "Showtape Formats": 0.10810810810810811,
    "Locations": 0.09283819628647215,
    "Characters": 0.08333333333333333,
    "Live Shows": 0.07482993197278912,
    "Social Media and Websites": 0.07407407407407407,
    "Menu Items": 0.0729483282674772,
    "In-Store Merchandise": 0.06018518518518518,
    "Costumed Characters": 0.057803468208092484,
    "untagged": 0.05714285714285714,
    "Store Fixtures": 0.056511056511056514,
    "Video Games": 0.0425531914893617,
    "Documents": 0.041025641025641026,
    "Commercials": 0.034722222222222224,
    "Promotional Material": 0.03333333333333333,
    "Company Media": 0.028688524590163935,
    "Employee Wear": 0.006172839506172839,
    "Tokens": 0.005319148936170213,
    "Puppets": 0.0,
    "Tickets": 0.0,
    "meta": 0.0,
    "Ad Vehicles": 0.0
  }
}