{
  "years": [
    1981,
    1982,
    1992,
    1993,
    1995,
    1997,
    2002,
    2007,
    2023
  ],
  "Average Media Duration Hours": [
    1.3005555555555557,
    1.4819444444444445,
    0.85625,
    0.9247222222222222,
    0.9856944444444445,
    0.7744444444444445,
    0.7144444444444444,
    0.77,
    0.10277777777777779
  ]
}