{
  "years": [
    1981,
    1982,
    1992,
    1993,
    1994,
    1995,
    1996,
    1997,
    1998,
    1999,
    2000,
    2001,
    2002,
    2003,
    2004,
    2005,
    2006,
    2007,
    2008,
    2009,
    2010,
    2011,
    2012,
    2013,
    2014,
    2023
  ],
  "Average Media Duration Hours": [
    1.3005555555555557,
    1.4819444444444445,
    0.85625,
    1.0329444444444444,
    1.0136805555555557,
    0.7665555555555555,
    0.7754166666666666,
    1.162638888888889,
    0.8601388888888888,
    1.027986111111111,
    0.9940555555555555,
    0.8139583333333333,
    0.925462962962963,
    1.0594444444444444,
    1.0732407407407407,
    1.3033333333333332,
    1.2079166666666667,
    0.9378571428571428,
    0.920625,
    0.8921111111111111,
    1.3303472222222221,
    1.5207638888888888,
    1.282722222222222,
    1.4272916666666666,
    1.0859722222222223,
    0.10277777777777779
  ]
}