{
  "years": [
    1983,
    1988,
    1994,
    2000,
    2025
  ],
  "Average Media Duration Hours": [
    0.6666666666666666,
    0.9756944444444444,
    0.06666666666666667,
    0.7477777777777778,
    0.16215277777777776
  ]
}