{
  "years": [
    1977,
    1978,
    1979,
    1981,
    1982,
    1994,
    1995,
    1999,
    2000,
    2001,
    2003,
    2023,
    2025
  ],
  "Average Sqft.": [
    5000.0,
    19000.0,
    11409.142857142857,
    10337.333333333334,
    14220.0,
    35000.0,
    9480.0,
    12000.0,
    13794.5,
    10032.0,
    7400.0,
    4650.0,
    11238.0
  ]
}