{
  "years": [
    1976,
    1977,
    1978,
    1979,
    1980,
    1981,
    1982,
    1983,
    1984,
    1985,
    1986,
    1987,
    1988,
    1990,
    1991,
    1992,
    1993,
    1994,
    1995,
    1996,
    1998,
    1999,
    2000,
    2001,
    2002,
    2003,
    2004,
    2005,
    2006,
    2007,
    2008,
    2009,
    2010,
    2011,
    2013,
    2014,
    2015,
    2016,
    2018,
    2019,
    2020,
    2021
  ],
  "Average Years Open": [
    3.0855578370978782,
    4.375085557837098,
    14.854665754049739,
    12.116700889801505,
    10.582539978843881,
    9.812960733869888,
    8.58852034281923,
    9.819435106273433,
    10.558847495192465,
    5.819644079397673,
    9.523157654574492,
    2.6694045174537986,
    10.60643394934976,
    18.806753365274925,
    17.908281998631075,
    25.77104722792608,
    20.306888183684897,
    27.75249828884326,
    19.94524298425736,
    17.715947980835043,
    23.5108373260324,
    15.478895733515856,
    20.033462620731616,
    19.642254163814737,
    15.316221765913758,
    15.975633127994524,
    14.21697467488022,
    14.670317134382842,
    13.15400410677618,
    6.754277891854894,
    13.898699520876113,
    11.118412046543463,
    7.639516313027606,
    13.376226328998404,
    9.255304585900069,
    8.00766598220397,
    5.224731918777093,
    5.90280629705681,
    4.628793064111339,
    4.482643981617287,
    5.232032854209446,
    2.9801505817932923
  ]
}